{"stats":{"minecraft:picked_up":{"minecraft:wheat_seeds":2},"minecraft:dropped":{"minecraft:wheat_seeds":2,"minecraft:saddle":1},"minecraft:used":{"minecraft:grass_block":8},"minecraft:custom":{"minecraft:jump":166,"minecraft:time_since_rest":8713,"minecraft:crouch_one_cm":359,"minecraft:leave_game":1,"minecraft:sprint_one_cm":10570,"minecraft:play_time":8713,"minecraft:time_since_death":8713,"minecraft:walk_one_cm":6261,"minecraft:sneak_time":314,"minecraft:total_world_time":8713,"minecraft:drop":2,"minecraft:fly_one_cm":118418}},"DataVersion":3578}