{"stats":{"minecraft:picked_up":{"minecraft:leather":2,"minecraft:wheat_seeds":9,"minecraft:beef":1,"minecraft:saddle":1,"minecraft:egg":1},"minecraft:dropped":{"minecraft:leather":2,"minecraft:wheat_seeds":9},"minecraft:used":{"minecraft:beef":1},"minecraft:killed":{"minecraft:cow":1},"minecraft:custom":{"minecraft:time_since_rest":9523,"minecraft:crouch_one_cm":321,"minecraft:play_time":9523,"minecraft:sprint_one_cm":14633,"minecraft:walk_one_cm":4340,"minecraft:sneak_time":45,"minecraft:mob_kills":1,"minecraft:drop":4,"minecraft:jump":115,"minecraft:damage_dealt":110,"minecraft:leave_game":1,"minecraft:time_since_death":9523,"minecraft:total_world_time":9523,"minecraft:fall_one_cm":4985,"minecraft:fly_one_cm":23396,"minecraft:horse_one_cm":183548},"minecraft:mined":{"minecraft:grass":32,"minecraft:tall_grass":13}},"DataVersion":3578}